 Underfist: Halloween Bash was going to be the setup for a new series spin-off but the contract expired with a cable and television station that was launched on October 1, 19962 by whom?	Betty Cohen	Betty Cohen
 Underfist: Halloween Bash was going to be the setup for a new series spin-off but the contract expired with a cable and television station that was launched on October 1, 19962 by whom?	Maxwell Atoms	Betty Cohen
 Underfist: Halloween Bash was going to be the setup for a new series spin-off but the contract expired with a cable and television station that was launched on October 1, 19962 by whom?	srtv	Betty Cohen
Alex Jesaulenko, former Australian rules footballer and coach won the award The Goal of the Year. In what year did he win that award?	2001	2001
Alex Jesaulenko, former Australian rules footballer and coach won the award The Goal of the Year. In what year did he win that award?	1990s	2001
Alex Jesaulenko, former Australian rules footballer and coach won the award The Goal of the Year. In what year did he win that award?	the 1960s	2001
An American pharmacist was inspired to invent cola due to what recipe from  Angelo Mariani?	coca	coca wine
An American pharmacist was inspired to invent cola due to what recipe from  Angelo Mariani?	coca wine	coca wine
An American pharmacist was inspired to invent cola due to what recipe from  Angelo Mariani?	coca wine	coca wine
Approximately what percent male is the student body of the University for which the Ouachita Baptist Tigers football program is the intercollegiate American football team?	58.3	45%
Approximately what percent male is the student body of the University for which the Ouachita Baptist Tigers football program is the intercollegiate American football team?	45%	45%
Approximately what percent male is the student body of the University for which the Ouachita Baptist Tigers football program is the intercollegiate American football team?	58.3	45%
Between Pine and Butea, which genus has the greatest number of species?	Pine	"Pinus"
Between Pine and Butea, which genus has the greatest number of species?	Pine	"Pinus"
Between Pine and Butea, which genus has the greatest number of species?	Pine	"Pinus"
Between Yasujirō Ozu and Bent Hamer, who has more creative titles?	Bent Hamer	Bent Hamer
Between Yasujirō Ozu and Bent Hamer, who has more creative titles?	Yasujir Ozu	Bent Hamer
Between Yasujirō Ozu and Bent Hamer, who has more creative titles?	Yasujir Ozu	Bent Hamer
Chandamama and Kajal Aggarwal are both associated with which Indian film industries?	Malayalam	Telugu and Tamil
Chandamama and Kajal Aggarwal are both associated with which Indian film industries?	Telugu and Tamil	Telugu and Tamil
Chandamama and Kajal Aggarwal are both associated with which Indian film industries?	Telugu and Tamil	Telugu and Tamil
Dana White's Tuesday Night Contender Series premiers weekly on this subscription-based video streaming service owned by the Ultimate Fighting Championship	UFC Fight Pass	UFC Fight Pass
Dana White's Tuesday Night Contender Series premiers weekly on this subscription-based video streaming service owned by the Ultimate Fighting Championship	UFC Fight Pass	UFC Fight Pass
Dana White's Tuesday Night Contender Series premiers weekly on this subscription-based video streaming service owned by the Ultimate Fighting Championship	UFC Fight Pass	UFC Fight Pass
Did Holland's Magazine and Moondance both begin in 1996?	yes	no
Did Holland's Magazine and Moondance both begin in 1996?	yes	no
Did Holland's Magazine and Moondance both begin in 1996?	no	no
During what months of the 2003 invasion of the Iraq were the media outlets accused of having a pro war basis?	Iraq	20 March to 1 May 2003
During what months of the 2003 invasion of the Iraq were the media outlets accused of having a pro war basis?	Summer 2011	20 March to 1 May 2003
During what months of the 2003 invasion of the Iraq were the media outlets accused of having a pro war basis?	2001	20 March to 1 May 2003
How did the name of Peter Gifford's rock band (1980-1987) come to be chosen?	the name of Peter Gifford's rock band (1980-1987)	drawing the name out of a hat
How did the name of Peter Gifford's rock band (1980-1987) come to be chosen?	The Boomtown Rats	drawing the name out of a hat
How did the name of Peter Gifford's rock band (1980-1987) come to be chosen?	Australian	drawing the name out of a hat
How has played in more bands, Kim Wilson or Chino Moreno?	Kim Wilson	Chino Moreno
How has played in more bands, Kim Wilson or Chino Moreno?	Chino Moreno	Chino Moreno
How has played in more bands, Kim Wilson or Chino Moreno?	Kim Wilson	Chino Moreno
I Can See Your Voice, a reality show from South Korea, offers what kind of performers a chance to make their dreams of stardom a reality?	talented singers	singers
I Can See Your Voice, a reality show from South Korea, offers what kind of performers a chance to make their dreams of stardom a reality?	talented singers	singers
I Can See Your Voice, a reality show from South Korea, offers what kind of performers a chance to make their dreams of stardom a reality?	talented singers	singers
In what ecclesiastical province is Stephen Conway currently part of?	Cashel	Province of Canterbury
In what ecclesiastical province is Stephen Conway currently part of?	Munster	Province of Canterbury
In what ecclesiastical province is Stephen Conway currently part of?	Province of Canterbury	Province of Canterbury
In what type of imprisonment where the inmates Arne Berge helped rescue during operation White Buses?	prison camps	concentration camp
In what type of imprisonment where the inmates Arne Berge helped rescue during operation White Buses?	Nazi Germany's	concentration camp
In what type of imprisonment where the inmates Arne Berge helped rescue during operation White Buses?	concentration camp	concentration camp
In what year was the coach who led the 2007 South Carolina Gamecocks football team in his third season as USC head coach born?	1958	1945
In what year was the coach who led the 2007 South Carolina Gamecocks football team in his third season as USC head coach born?	1945	1945
In what year was the coach who led the 2007 South Carolina Gamecocks football team in his third season as USC head coach born?	1938	1945
In which city is the parent company of Sterlite Industries headquartered?	Mumbai	London
In which city is the parent company of Sterlite Industries headquartered?	Mumbai	London
In which city is the parent company of Sterlite Industries headquartered?	Mumbai	London
Isabella Kelly was born at a ruined castle characterized as one of the most isolated fortifications in Britain by who?	1991's "The Changing Scottish Landscape"	The Changing Scottish Landscape
Isabella Kelly was born at a ruined castle characterized as one of the most isolated fortifications in Britain by who?	Scottish abbess and spy	The Changing Scottish Landscape
Isabella Kelly was born at a ruined castle characterized as one of the most isolated fortifications in Britain by who?	Vikings	The Changing Scottish Landscape
Jacques Mathou starred in Delicatessen, the 1991 French movie in the style of which celebrated American animator?	David Hayward	Terry Gilliam
Jacques Mathou starred in Delicatessen, the 1991 French movie in the style of which celebrated American animator?	Terry Gilliam	Terry Gilliam
Jacques Mathou starred in Delicatessen, the 1991 French movie in the style of which celebrated American animator?	Carl Colpaert	Terry Gilliam
Luke Rockhold defeated the MMA fighter who was the first to earn a win against which champion in the UFC?	Chris Weidman	Anderson Silva
Luke Rockhold defeated the MMA fighter who was the first to earn a win against which champion in the UFC?	Chris Weidman	Anderson Silva
Luke Rockhold defeated the MMA fighter who was the first to earn a win against which champion in the UFC?	Chris Weidman	Anderson Silva
Michał Wiśniowiecki was related to the King of Poland and Grand Duke of Lithuania Michał Korybut Wiśniowiecki in what way?	grandfather	grandfather
Michał Wiśniowiecki was related to the King of Poland and Grand Duke of Lithuania Michał Korybut Wiśniowiecki in what way?	half-brother	grandfather
Michał Wiśniowiecki was related to the King of Poland and Grand Duke of Lithuania Michał Korybut Wiśniowiecki in what way?	Great-grandfather	grandfather
Mooreville, Mississippi is located on which Interstate highway that follows US Route 78?	Interstate 22	Interstate 22
Mooreville, Mississippi is located on which Interstate highway that follows US Route 78?	Interstate 22	Interstate 22
Mooreville, Mississippi is located on which Interstate highway that follows US Route 78?	Interstate 22	Interstate 22
Naval Air Station Ellyson Field was an auxiliary facility to the air station in which community?	Escambia County	Warrington
Naval Air Station Ellyson Field was an auxiliary facility to the air station in which community?	Pensacola	Warrington
Naval Air Station Ellyson Field was an auxiliary facility to the air station in which community?	New Bedford	Warrington
On what river is the city where Stade 24 Novembre is located situated on?	Lake Tanganyika	the Congo River
On what river is the city where Stade 24 Novembre is located situated on?	Lukunga	the Congo River
On what river is the city where Stade 24 Novembre is located situated on?	Congo River	the Congo River
Q1: Which mountain is located in China, Kirat Chuli or Kangpenqing?	Kirat Chuli	Kangpenqing (also Gang Benchhen) is a mountain in the Baiku Himalayas of Tibet, China.
Q1: Which mountain is located in China, Kirat Chuli or Kangpenqing?	Kirat Chuli	Kangpenqing (also Gang Benchhen) is a mountain in the Baiku Himalayas of Tibet, China.
Q1: Which mountain is located in China, Kirat Chuli or Kangpenqing?	Kirat Chuli	Kangpenqing (also Gang Benchhen) is a mountain in the Baiku Himalayas of Tibet, China.
Rolls-Royce Welland's name is taken from this river that is low long	The River Welland	65 mi
Rolls-Royce Welland's name is taken from this river that is low long	The River Welland	65 mi
Rolls-Royce Welland's name is taken from this river that is low long	The River Welland	65 mi
Stephen susco wrote a movie produced by which american film actor?	Sam Raimi	Sam Raimi
Stephen susco wrote a movie produced by which american film actor?	Robert De Niro	Sam Raimi
Stephen susco wrote a movie produced by which american film actor?	Adam Sandler	Sam Raimi
Syracuse Orange men's basketball team was part of a conference that participated in how many total sports?	57	24
Syracuse Orange men's basketball team was part of a conference that participated in how many total sports?	57	24
Syracuse Orange men's basketball team was part of a conference that participated in how many total sports?	57	24
The 2011 Tennessee Tech Golden Eagles football team competed in a conference with how many members competing in football?	ten	9
The 2011 Tennessee Tech Golden Eagles football team competed in a conference with how many members competing in football?	9	9
The 2011 Tennessee Tech Golden Eagles football team competed in a conference with how many members competing in football?	over 18,000	9
The Bragg–Gray cavity theory was developed by Louis Harold Gray, William Lawrence Bragg, and a man that was knighrted in what year?	1920	1920
The Bragg–Gray cavity theory was developed by Louis Harold Gray, William Lawrence Bragg, and a man that was knighrted in what year?	1936	1920
The Bragg–Gray cavity theory was developed by Louis Harold Gray, William Lawrence Bragg, and a man that was knighrted in what year?	1936	1920
The Environment Act 1995 passed under the tutelage of a politician associated with what political party?	British Conservative Party	British Conservative Party
The Environment Act 1995 passed under the tutelage of a politician associated with what political party?	British Conservative Party	British Conservative Party
The Environment Act 1995 passed under the tutelage of a politician associated with what political party?	United Kingdom	British Conservative Party
The HTC U11 major carrier is Sprint, but it can be unlocked for this Texas company that is world's largest telecommunications provider? 	AT&T	AT&T
The HTC U11 major carrier is Sprint, but it can be unlocked for this Texas company that is world's largest telecommunications provider? 	AT&T	AT&T
The HTC U11 major carrier is Sprint, but it can be unlocked for this Texas company that is world's largest telecommunications provider? 	AT&T	AT&T
The W. H. Shipman House is in what Hawaii county?	Brevard County	Hawaii County
The W. H. Shipman House is in what Hawaii county?	Hawaii County	Hawaii County
The W. H. Shipman House is in what Hawaii county?	Kenai Peninsula Borough	Hawaii County
The debut album came out in 1988 but what year did the song "She's My Baby" come out in?	1990	1990
The debut album came out in 1988 but what year did the song "She's My Baby" come out in?	1990	1990
The debut album came out in 1988 but what year did the song "She's My Baby" come out in?	1976	1990
The nightclub Playboy Club was located at this hotel and casino located near the Las Vegas Strip that has how many rooms?	703	703
The nightclub Playboy Club was located at this hotel and casino located near the Las Vegas Strip that has how many rooms?	390	703
The nightclub Playboy Club was located at this hotel and casino located near the Las Vegas Strip that has how many rooms?	58	703
The rifle cartridge created by the Swedish was also shared by which other nation?	Norway	Norway
The rifle cartridge created by the Swedish was also shared by which other nation?	Norway	Norway
The rifle cartridge created by the Swedish was also shared by which other nation?	Norway	Norway
Umi-a-Liloa inherited authority of a kind which is a belief in what?	deities and spirits	belief in many deities and spirits
Umi-a-Liloa inherited authority of a kind which is a belief in what?	higher spiritual powers or deities	belief in many deities and spirits
Umi-a-Liloa inherited authority of a kind which is a belief in what?	Buddhism	belief in many deities and spirits
Vasily Agapkin's most well-known march was written in honor of what event?	Slavianka	the Slavic women accompanying their husbands in the First Balkan War.
Vasily Agapkin's most well-known march was written in honor of what event?	Slavianka	the Slavic women accompanying their husbands in the First Balkan War.
Vasily Agapkin's most well-known march was written in honor of what event?	the First Balkan War	the Slavic women accompanying their husbands in the First Balkan War.
What Nickelodeon movie stars the actress and YouTuber who appeared alongside Jon Voight in the 2016 film American Wrestler:The Wizard?	Dear White People	Terry the Tomboy
What Nickelodeon movie stars the actress and YouTuber who appeared alongside Jon Voight in the 2016 film American Wrestler:The Wizard?	Terry the Tomboy	Terry the Tomboy
What Nickelodeon movie stars the actress and YouTuber who appeared alongside Jon Voight in the 2016 film American Wrestler:The Wizard?	American Reunion	Terry the Tomboy
What are both Jack Rabbit and Leap-The-Dips made of?	record	wooden
What are both Jack Rabbit and Leap-The-Dips made of?	rock	wooden
What are both Jack Rabbit and Leap-The-Dips made of?	rock	wooden
What band did both Delores Holmes and an inductee to the Rock and Roll Hall of Fame sing in?	The Reflections	E Street Band
What band did both Delores Holmes and an inductee to the Rock and Roll Hall of Fame sing in?	The Holmes Brothers	E Street Band
What band did both Delores Holmes and an inductee to the Rock and Roll Hall of Fame sing in?	Bruce Springsteen Band	E Street Band
What do the Church of St. Mary of the Spring and Hagia Irene have in common?	The present church, built in 1835, bears the same dedication as the shrine erected in this place between the end of the fifth and the beginning of the sixth century	Greek Eastern Orthodox church
What do the Church of St. Mary of the Spring and Hagia Irene have in common?	Istanbul	Greek Eastern Orthodox church
What do the Church of St. Mary of the Spring and Hagia Irene have in common?	the same dedication as the shrine erected in this place between the end of the fifth and the beginning of the sixth century	Greek Eastern Orthodox church
What is both Grimaldi's Pizzeria and Papa Gino's primary menu item?	pizza	pizzas
What is both Grimaldi's Pizzeria and Papa Gino's primary menu item?	pizzas	pizzas
What is both Grimaldi's Pizzeria and Papa Gino's primary menu item?	pizza	pizzas
What is the date of the reissue of one of Rhihanna's album that features three newly recorded songs and a DVD showing exclusive behind-the-scenes footage of Rihanna's worldwide tour that was the second overall and first world concert tour by Rihanna?	February 17, 2018	June 2, 2008
What is the date of the reissue of one of Rhihanna's album that features three newly recorded songs and a DVD showing exclusive behind-the-scenes footage of Rihanna's worldwide tour that was the second overall and first world concert tour by Rihanna?	June 9, 2008	June 2, 2008
What is the date of the reissue of one of Rhihanna's album that features three newly recorded songs and a DVD showing exclusive behind-the-scenes footage of Rihanna's worldwide tour that was the second overall and first world concert tour by Rihanna?	January 28, 2016	June 2, 2008
What is the global rank by population of the city that Daewoong Pharmaceutical Co., Ltd is based in?	16th	world's 16th largest city
What is the global rank by population of the city that Daewoong Pharmaceutical Co., Ltd is based in?	sixth	world's 16th largest city
What is the global rank by population of the city that Daewoong Pharmaceutical Co., Ltd is based in?	24 million	world's 16th largest city
What is the name of the man who was partners with the electrical engineer that was awarded the Nobel Prize in Physics in December 2000?	Robert Noyce	Robert Noyce
What is the name of the man who was partners with the electrical engineer that was awarded the Nobel Prize in Physics in December 2000?	Walter Brattain	Robert Noyce
What is the name of the man who was partners with the electrical engineer that was awarded the Nobel Prize in Physics in December 2000?	Leon N Cooper	Robert Noyce
What is the name of the role that Cleo Demetriou played in the series So Awkward ? 	Lily Hampton	Lily Hampton
What is the name of the role that Cleo Demetriou played in the series So Awkward ? 	Lily Hampton	Lily Hampton
What is the name of the role that Cleo Demetriou played in the series So Awkward ? 	Lily Hampton	Lily Hampton
What is the name of the town linked by rail to Kendal, named after a lake of the same name?	Harman's Cross	Windermere, Cumbria
What is the name of the town linked by rail to Kendal, named after a lake of the same name?	Modrej	Windermere, Cumbria
What is the name of the town linked by rail to Kendal, named after a lake of the same name?	Kanal	Windermere, Cumbria
What is the population of the city which  Deryl Dedmon came from 	4,627	21,705 at the 2010 census
What is the population of the city which  Deryl Dedmon came from 	5,392	21,705 at the 2010 census
What is the population of the city which  Deryl Dedmon came from 	Davidson County	21,705 at the 2010 census
What island in the center of Pearl Harbor is connected to the O'ahu by a floating bridge?	Hawaii	Ford Island
What island in the center of Pearl Harbor is connected to the O'ahu by a floating bridge?	Nanakuli	Ford Island
What island in the center of Pearl Harbor is connected to the O'ahu by a floating bridge?	Honolulu	Ford Island
What kind of group does Josey Scott and Kurt Cobain have in common?	rock band	band
What kind of group does Josey Scott and Kurt Cobain have in common?	rock band	band
What kind of group does Josey Scott and Kurt Cobain have in common?	rock band	band
What kind of novelists were both Robert Stone and Truman Capote?	American	American
What kind of novelists were both Robert Stone and Truman Capote?	American	American
What kind of novelists were both Robert Stone and Truman Capote?	novelist	American
What magazine has been contributed to by the poet who created the album "The Nikki Giovanni Poetry Collection"?	Bandwagon	PEN America
What magazine has been contributed to by the poet who created the album "The Nikki Giovanni Poetry Collection"?	"The San Francisco of Alfred Hitchcock’s Vertigo: Place, Pilgrimage and Commemoration" (2012) and Spengler's "Hitchcock and Contemporary Art" (2014)	PEN America
What magazine has been contributed to by the poet who created the album "The Nikki Giovanni Poetry Collection"?	Oprah Winfrey’s	PEN America
What national team has the brother of Arturas Javtokas been a member of since 2004?	Cyprus	Lithuanian
What national team has the brother of Arturas Javtokas been a member of since 2004?	Greece	Lithuanian
What national team has the brother of Arturas Javtokas been a member of since 2004?	Greece national team	Lithuanian
What novella was "Eyes Wide Shut," starring Vinessa Elizabeth Shaw, based on?	Traumnovelle	"Traumnovelle" ("Dream Story")
What novella was "Eyes Wide Shut," starring Vinessa Elizabeth Shaw, based on?	Traumnovelle	"Traumnovelle" ("Dream Story")
What novella was "Eyes Wide Shut," starring Vinessa Elizabeth Shaw, based on?	Midnight House	"Traumnovelle" ("Dream Story")
What river does Waterloo Bridge and London Eye have in common?	River Thames	Thames
What river does Waterloo Bridge and London Eye have in common?	River Thames	Thames
What river does Waterloo Bridge and London Eye have in common?	River Thames	Thames
What river runs near the tidal island of Eilean Tioram?	Skye	River Shiel
What river runs near the tidal island of Eilean Tioram?	River Raasay	River Shiel
What river runs near the tidal island of Eilean Tioram?	The River Moidart	River Shiel
What role did Julianne Moore play in the 2002 Oscar winning movie?	Francesca "Frankie" Reed	emotionally troubled women
What role did Julianne Moore play in the 2002 Oscar winning movie?	Patricia Clarkson	emotionally troubled women
What role did Julianne Moore play in the 2002 Oscar winning movie?	Marian Wyman	emotionally troubled women
What role did the actor who played Colonel Sherman T. Potter in "M*A*S*H" play in "Kentucky Jones"	Cottonwood Goss	Seldom Jackson
What role did the actor who played Colonel Sherman T. Potter in "M*A*S*H" play in "Kentucky Jones"	Captain "Trapper" John McIntyre	Seldom Jackson
What role did the actor who played Colonel Sherman T. Potter in "M*A*S*H" play in "Kentucky Jones"	Captain B.J. Hunnicutt	Seldom Jackson
What running back ended his career in 2006 and was one of the rushers Matt O'Dwyer blocked for?	Adrian Murrell	Curtis Martin
What running back ended his career in 2006 and was one of the rushers Matt O'Dwyer blocked for?	Adrian Murrell	Curtis Martin
What running back ended his career in 2006 and was one of the rushers Matt O'Dwyer blocked for?	Adrian Lewis Peterson	Curtis Martin
What series did William Hopke play in for the Detroit Tigers which were founded in 1901?	Major League Baseball	1909 Cuban-American Major League Clubs Series
What series did William Hopke play in for the Detroit Tigers which were founded in 1901?	Detroit Tigers	1909 Cuban-American Major League Clubs Series
What series did William Hopke play in for the Detroit Tigers which were founded in 1901?	World Series	1909 Cuban-American Major League Clubs Series
What team won the XLII super bowl in their 48th overall season?	Pittsburgh Steelers	2007 New England Patriots
What team won the XLII super bowl in their 48th overall season?	New York Giants	2007 New England Patriots
What team won the XLII super bowl in their 48th overall season?	New York Giants	2007 New England Patriots
What television show was,based,on an 1908 novel by Lucy Maud Montgomery?   Anne.	Anne	Anne
What television show was,based,on an 1908 novel by Lucy Maud Montgomery?   Anne.	Anne of Green Gables	Anne
What television show was,based,on an 1908 novel by Lucy Maud Montgomery?   Anne.	Anne of Green Gables	Anne
What type of community does Bob Hope Airport and Boeing Field have in common?	public	public
What type of community does Bob Hope Airport and Boeing Field have in common?	public	public
What type of community does Bob Hope Airport and Boeing Field have in common?	public	public
What village in Nassau County, New York with a name meaning "a pleasant place" is represented by Kathleen Rice in the United States House of Representatives?	North Massapequa	Mineola
What village in Nassau County, New York with a name meaning "a pleasant place" is represented by Kathleen Rice in the United States House of Representatives?	Mineola	Mineola
What village in Nassau County, New York with a name meaning "a pleasant place" is represented by Kathleen Rice in the United States House of Representatives?	The Incorporated Village of Sea Cliff	Mineola
What was the first film scored by the man who composed the soundtrack for Udhayam NH4?	Tholi Prema	Veyyil
What was the first film scored by the man who composed the soundtrack for Udhayam NH4?	Veyyil	Veyyil
What was the first film scored by the man who composed the soundtrack for Udhayam NH4?	Punaradhivasam	Veyyil
What was the nickname of Judy Lewis's father?	Nol Coward's muse	"The King of Hollywood"
What was the nickname of Judy Lewis's father?	Clark Gable	"The King of Hollywood"
What was the nickname of Judy Lewis's father?	Charles Rudolph Harrell	"The King of Hollywood"
When did Henrietta Ponsonby's father die?	30 June 1670	31 October 1783
When did Henrietta Ponsonby's father die?	30 June 1670	31 October 1783
When did Henrietta Ponsonby's father die?	11 November 1821	31 October 1783
When was the American singer, songwriter, actress and LGBT rights activist born who won Grammy and Emmy award?	October 29, 1945	June 22, 1953
When was the American singer, songwriter, actress and LGBT rights activist born who won Grammy and Emmy award?	March 1, 1962	June 22, 1953
When was the American singer, songwriter, actress and LGBT rights activist born who won Grammy and Emmy award?	October 3, 1946	June 22, 1953
When was the Swiss author and dramatist died who's novel is "A Dangerous Game"?	2 April 180622 May 1871	14 December 1990
When was the Swiss author and dramatist died who's novel is "A Dangerous Game"?	29 September 2015	14 December 1990
When was the Swiss author and dramatist died who's novel is "A Dangerous Game"?	14 December 1990	14 December 1990
When would be the professional wrestling video game release in which Mark Henry will appear as "legend"?	2K18	October 17, 2017
When would be the professional wrestling video game release in which Mark Henry will appear as "legend"?	October 17, 2017	October 17, 2017
When would be the professional wrestling video game release in which Mark Henry will appear as "legend"?	October 2017	October 17, 2017
Where did Henri Christophe and other slaves hold an uprising from 1791 to 1804 that led to the founding of a state which was both free from slavery and ruled by non-whites and former captives?	Saint-Domingue	Saint-Domingue
Where did Henri Christophe and other slaves hold an uprising from 1791 to 1804 that led to the founding of a state which was both free from slavery and ruled by non-whites and former captives?	Saint-Domingue	Saint-Domingue
Where did Henri Christophe and other slaves hold an uprising from 1791 to 1804 that led to the founding of a state which was both free from slavery and ruled by non-whites and former captives?	Saint-Domingue	Saint-Domingue
Where does the city situated where Kellyville Ridge is located?	15 mi south of Boyes, Montana, and about 16 mi east of Biddle, Montana	on the Cumberland Plain
Where does the city situated where Kellyville Ridge is located?	15 mi south of Boyes, Montana, and about 16 mi east of Biddle, Montana	on the Cumberland Plain
Where does the city situated where Kellyville Ridge is located?	15 mi south of Boyes, Montana, and about 16 mi east of Biddle, Montana	on the Cumberland Plain
Where was the music festival Billy McFarland was charged with wire fraud for supposed to take place?	Penn's Cave & Wildlife Park	Great Exuma
Where was the music festival Billy McFarland was charged with wire fraud for supposed to take place?	Manhattan	Great Exuma
Where was the music festival Billy McFarland was charged with wire fraud for supposed to take place?	Great Exuma	Great Exuma
Which Arab World's car was  used in a  American action film directed by F. Gary Gray and written by Chris Morgan?	Alamo Rent a Car	Lykan Hypersport
Which Arab World's car was  used in a  American action film directed by F. Gary Gray and written by Chris Morgan?	Phoenix	Lykan Hypersport
Which Arab World's car was  used in a  American action film directed by F. Gary Gray and written by Chris Morgan?	Saudi Arabia	Lykan Hypersport
Which Austrian Chancellor does Jörg Leichtfried serve under?	Christian Kern	Christian Kern
Which Austrian Chancellor does Jörg Leichtfried serve under?	Christian Kern	Christian Kern
Which Austrian Chancellor does Jörg Leichtfried serve under?	Christian Kern	Christian Kern
Which German project recorded a song that featured vocals by a duo from Silverdale, England?	Tokio Hotel	Enigma
Which German project recorded a song that featured vocals by a duo from Silverdale, England?	Tokio Hotel	Enigma
Which German project recorded a song that featured vocals by a duo from Silverdale, England?	Godflesh	Enigma
Which brother of John F. Kennedy had a memoir released September 14, 2009?	Joseph Pinckney McCain II	Ted Kennedy
Which brother of John F. Kennedy had a memoir released September 14, 2009?	Jack	Ted Kennedy
Which brother of John F. Kennedy had a memoir released September 14, 2009?	Caroline Kennedy	Ted Kennedy
Which building near Piazza San Fedele is the world's oldest shopping mall?	Trajan's Market	Galleria Vittorio Emanuele II
Which building near Piazza San Fedele is the world's oldest shopping mall?	Basilica of San Fedele	Galleria Vittorio Emanuele II
Which building near Piazza San Fedele is the world's oldest shopping mall?	Palazzo Marino	Galleria Vittorio Emanuele II
Which feature film was released earlier, One Magic Christmas or Muppet Treasure Island?	Muppet Treasure Island	One Magic Christmas
Which feature film was released earlier, One Magic Christmas or Muppet Treasure Island?	Muppet Treasure Island	One Magic Christmas
Which feature film was released earlier, One Magic Christmas or Muppet Treasure Island?	One Magic Christmas	One Magic Christmas
Which has more members, Dada or Alt-J?	Dada	Alt-J
Which has more members, Dada or Alt-J?	Dada	Alt-J
Which has more members, Dada or Alt-J?	Dada	Alt-J
Which is a university in Pennsylvania, University of New Haven or Carnegie Mellon University?	University of New Haven	Carnegie Mellon University
Which is a university in Pennsylvania, University of New Haven or Carnegie Mellon University?	Carnegie Mellon University	Carnegie Mellon University
Which is a university in Pennsylvania, University of New Haven or Carnegie Mellon University?	Carnegie Mellon University	Carnegie Mellon University
Which musician was a member of the rock band Silverchair and signed under Eleven: A Music Company?	Ben Gillies	Daniel Paul Johns
Which musician was a member of the rock band Silverchair and signed under Eleven: A Music Company?	Daniel Paul Johns	Daniel Paul Johns
Which musician was a member of the rock band Silverchair and signed under Eleven: A Music Company?	Steve Sparrow	Daniel Paul Johns
Which professional baseball player and National 1993 Baseball Hall of Fame inductee is featured in the Greatest Sports Legends anthology? 	Dave Winfield	Reginald Martinez "Reggie" Jackson
Which professional baseball player and National 1993 Baseball Hall of Fame inductee is featured in the Greatest Sports Legends anthology? 	Maurice Samuel "Mo" Vaughn	Reginald Martinez "Reggie" Jackson
Which professional baseball player and National 1993 Baseball Hall of Fame inductee is featured in the Greatest Sports Legends anthology? 	Reggie Jackson	Reginald Martinez "Reggie" Jackson
Which record producer from Stockbridge, Georgia is the lead singer of Collective Soul?	Tomás Doncker	Edgar Eugene Roland, Jr.
Which record producer from Stockbridge, Georgia is the lead singer of Collective Soul?	eddie mccartney	Edgar Eugene Roland, Jr.
Which record producer from Stockbridge, Georgia is the lead singer of Collective Soul?	Edgar Eugene Roland, Jr	Edgar Eugene Roland, Jr.
Which tour did The Beatles release their album Dark Horse?	the Dark Horse Tour	American tour
Which tour did The Beatles release their album Dark Horse?	North American tour	American tour
Which tour did The Beatles release their album Dark Horse?	the Dark Horse Tour	American tour
Which two occupations does Ronnie Dunn and Annie Lennox have in common?	singer, songwriter	singer, songwriter
Which two occupations does Ronnie Dunn and Annie Lennox have in common?	singer, songwriter	singer, songwriter
Which two occupations does Ronnie Dunn and Annie Lennox have in common?	singer, songwriter	singer, songwriter
Which university is this American philosopher, theologian, and Christian apologist, who supports theistic science, professor at?	Columbia University	Biola University
Which university is this American philosopher, theologian, and Christian apologist, who supports theistic science, professor at?	Columbia University	Biola University
Which university is this American philosopher, theologian, and Christian apologist, who supports theistic science, professor at?	Biola University	Biola University
Which was formed first, Noori or Test Icicles?	Noori	Noori
Which was formed first, Noori or Test Icicles?	Test Icicles	Noori
Which was formed first, Noori or Test Icicles?	Test Icicles	Noori
Which was released first, Gasland or To Shoot an Elephant?	To Shoot an Elephant	To Shoot an Elephant
Which was released first, Gasland or To Shoot an Elephant?	To Shoot an Elephant	To Shoot an Elephant
Which was released first, Gasland or To Shoot an Elephant?	To Shoot an Elephant	To Shoot an Elephant
Who has written more #1 songs, Chris DeStefano or Brett Eldredge?	Chris DeStefano	Christopher Michael "Chris" DeStefano
Who has written more #1 songs, Chris DeStefano or Brett Eldredge?	Chris DeStefano	Christopher Michael "Chris" DeStefano
Who has written more #1 songs, Chris DeStefano or Brett Eldredge?	Chris DeStefano	Christopher Michael "Chris" DeStefano
Who is older, Simon Neil or Michael McKean?	Simon Alexander Neil	Michael John McKean
Who is older, Simon Neil or Michael McKean?	Michael John McKean	Michael John McKean
Who is older, Simon Neil or Michael McKean?	Simon Alexander Neil	Michael John McKean
Who is the host of Wall of Fame known for his partnership with?	Matt Lucas	Matt Lucas
Who is the host of Wall of Fame known for his partnership with?	Tamara Ecclestone	Matt Lucas
Who is the host of Wall of Fame known for his partnership with?	David Walliams	Matt Lucas
Who stars in the title role of a Netflix show co-created by Robert Carlock?	Ellie Kemper	Ellie Kemper
Who stars in the title role of a Netflix show co-created by Robert Carlock?	Lee Shipman	Ellie Kemper
Who stars in the title role of a Netflix show co-created by Robert Carlock?	Kimberly Couger "Kimmy" Schmidt	Ellie Kemper
Who was born first, Connie Willis or Margaret Landon?	Margaret Landon	Margaret Landon
Who was born first, Connie Willis or Margaret Landon?	Margaret Landon	Margaret Landon
Who was born first, Connie Willis or Margaret Landon?	Margaret St. Clair	Margaret Landon
Who was the chief executive officer of the second largest US car rental company by sales?	Scott Griffith	Robert L. Stone
Who was the chief executive officer of the second largest US car rental company by sales?	Kevin Layden	Robert L. Stone
Who was the chief executive officer of the second largest US car rental company by sales?	Scott T. Ford	Robert L. Stone
Whose death dramatized in a stage play helped end the death penalty in Australia?	William Nicholson	Ronald Ryan
Whose death dramatized in a stage play helped end the death penalty in Australia?	Ronald Ryan	Ronald Ryan
Whose death dramatized in a stage play helped end the death penalty in Australia?	Jean Lee	Ronald Ryan
which  Indian businessman and politician owns Mabula Game Reserve 	Vijay Mallya	Vijay Vittal Mallya
which  Indian businessman and politician owns Mabula Game Reserve 	Vijay Mallya	Vijay Vittal Mallya
which  Indian businessman and politician owns Mabula Game Reserve 	Jacob Zuma	Vijay Vittal Mallya
which writer has the highest number of skill  Langston Hughes or  Ian McEwan	Ian McEwan	Langston Hughes
which writer has the highest number of skill  Langston Hughes or  Ian McEwan	Ian McEwan	Langston Hughes
which writer has the highest number of skill  Langston Hughes or  Ian McEwan	Ian McEwan	Langston Hughes
who is older, Maria Sharapova or Chanda Rubin?	Maria Yuryevna Sharapova	Chanda Rubin (born February 18, 1976)
who is older, Maria Sharapova or Chanda Rubin?	Chanda Rubin	Chanda Rubin (born February 18, 1976)
who is older, Maria Sharapova or Chanda Rubin?	Maria Yuryevna Sharapova	Chanda Rubin (born February 18, 1976)
